{
    "1": {
        "x": 45.732029231153966,
        "y": 55.324165029469555
    },
    "2": {
        "x": 57.084109033315734,
        "y": 55.249508840864436
    },
    "3": {
        "x": 45.58333333333333,
        "y": 46.19577226191353
    },
    "4": {
        "x": 56.58333333333333,
        "y": 45.60654047285851
    },
    "5": {
        "x": 49.333333333333336,
        "y": 41.83545702290638
    },
    "6": {
        "x": 53.41666666666667,
        "y": 41.599764307284374
    },
    "7": {
        "x": 64.33333333333333,
        "y": 60.573027914856006
    },
    "8": {
        "x": 38.5,
        "y": 60.926566988289025
    },
    "9": {
        "x": 71.5,
        "y": 61.162259703911026
    },
    "10": {
        "x": 31.083333333333336,
        "y": 60.573027914856006
    },
    "11": {
        "x": 67.75,
        "y": 53.384400088384766
    },
    "12": {
        "x": 34.66666666666667,
        "y": 53.62009280400678
    },
    "13": {
        "x": 63.83333333333333,
        "y": 47.25638948221256
    },
    "14": {
        "x": 38.416666666666664,
        "y": 47.25638948221256
    },
    "15": {
        "x": 70.91666666666666,
        "y": 47.02069676659056
    },
    "16": {
        "x": 31,
        "y": 47.727774913456585
    },
    "17": {
        "x": 67.33333333333333,
        "y": 40.06776165574133
    },
    "18": {
        "x": 34.833333333333336,
        "y": 40.18560801355233
    },
    "19": {
        "x": 61.916666666666664,
        "y": 36.2966782057892
    },
    "20": {
        "x": 40.416666666666664,
        "y": 36.4145245636002
    },
    "21": {
        "x": 71,
        "y": 35.353907343301174
    },
    "22": {
        "x": 15.055989330073077,
        "y": 60.479371316306484
    }
}